{"cameraMode":{"drawMode":0,"name":"Shaded","section":"Shading Mode"},"sceneLighting":true,"audioPlay":false,"sceneViewState":{"m_AlwaysRefresh":false,"showFog":true,"showSkybox":true,"showFlares":true,"showImageEffects":true,"showParticleSystems":true,"showVisualEffectGraphs":true,"m_FxEnabled":true},"in2DMode":false,"pivot":{"x":2.5009138584136965,"y":-0.13578560948371888,"z":-3.656341791152954},"rotation":{"x":-0.014603774063289166,"y":0.9803608059883118,"z":-0.18022675812244416,"w":-0.07927747070789337},"size":0.5698379278182983,"orthographic":false}