{"cameraMode":{"drawMode":0,"name":"Shaded","section":"Shading Mode"},"sceneLighting":true,"audioPlay":false,"sceneViewState":{"m_AlwaysRefresh":false,"showFog":true,"showSkybox":true,"showFlares":true,"showImageEffects":true,"showParticleSystems":true,"showVisualEffectGraphs":true,"m_FxEnabled":true},"in2DMode":false,"pivot":{"x":-4.556368350982666,"y":1.3914446830749512,"z":-6.1509270668029789},"rotation":{"x":-0.13768236339092256,"y":0.7013344764709473,"z":-0.14092491567134858,"w":-0.6851099133491516},"size":6.4063801765441898,"orthographic":false}