{"cameraMode":{"drawMode":0,"name":"Shaded","section":"Shading Mode"},"sceneLighting":true,"audioPlay":false,"sceneViewState":{"m_AlwaysRefresh":false,"showFog":true,"showSkybox":true,"showFlares":true,"showImageEffects":true,"showParticleSystems":true,"showVisualEffectGraphs":true,"m_FxEnabled":true},"in2DMode":false,"pivot":{"x":1.8145421743392945,"y":-0.029999999329447748,"z":-3.6295974254608156},"rotation":{"x":0.18528029322624207,"y":0.7607897520065308,"z":-0.24691252410411836,"w":0.5709595084190369},"size":2.3994102478027345,"orthographic":false}