{"cameraMode":{"drawMode":0,"name":"Shaded","section":"Shading Mode"},"sceneLighting":true,"audioPlay":false,"sceneViewState":{"m_AlwaysRefresh":false,"showFog":true,"showSkybox":true,"showFlares":true,"showImageEffects":true,"showParticleSystems":true,"showVisualEffectGraphs":true,"m_FxEnabled":true},"in2DMode":false,"pivot":{"x":0.49738985300064089,"y":-0.5064263343811035,"z":-2.262564182281494},"rotation":{"x":0.01667892187833786,"y":0.9181757569313049,"z":-0.3939574658870697,"w":0.038860779255628589},"size":5.082629680633545,"orthographic":false}