{"cameraMode":{"drawMode":0,"name":"Shaded","section":"Shading Mode"},"sceneLighting":true,"audioPlay":false,"sceneViewState":{"m_AlwaysRefresh":false,"showFog":true,"showSkybox":true,"showFlares":true,"showImageEffects":true,"showParticleSystems":true,"showVisualEffectGraphs":true,"m_FxEnabled":true},"in2DMode":false,"pivot":{"x":-0.7896906733512878,"y":0.7044821977615356,"z":0.016634434461593629},"rotation":{"x":-0.0025657874066382648,"y":0.967917263507843,"z":-0.251081258058548,"w":-0.009870970621705056},"size":0.643587589263916,"orthographic":false}