{"cameraMode":{"drawMode":0,"name":"Shaded","section":"Shading Mode"},"sceneLighting":true,"audioPlay":false,"sceneViewState":{"m_AlwaysRefresh":false,"showFog":true,"showSkybox":true,"showFlares":true,"showImageEffects":true,"showParticleSystems":true,"showVisualEffectGraphs":true,"m_FxEnabled":true},"in2DMode":false,"pivot":{"x":-4.859920978546143,"y":0.2264690399169922,"z":-5.874406814575195},"rotation":{"x":-0.002316744066774845,"y":0.9969700574874878,"z":-0.07071269303560257,"w":-0.03261078894138336},"size":4.973705768585205,"orthographic":false}